,CharacteristicName,NumberOfRecords,basic_wq,SDWA_Primary,SDWA_Secondary,CWA_HumanHealth,CWA_AquaticLife,CWA_Organoleptic
1,"Temperature, water",1304116,yes,,,,yes,
2,pH,329130,yes,,yes,yes,yes,
3,Dissolved oxygen (DO),283424,yes,,,,yes,
4,Specific conductance,280289,yes,,,,,
5,Phosphorus,155078,,,,,yes,
6,Turbidity,132032,yes,yes,,,yes,
7,Dissolved oxygen saturation,130352,,,,,,
8,Conductivity,125339,yes,,,,,
9,Enterococcus,123344,,,,,,
10,Inorganic nitrogen (nitrate and nitrite),120160,,yes,,,yes,
11,Escherichia coli,114508,,yes,,,,
12,Orthophosphate,113743,,,,,,
13,Total suspended solids,93250,,,,,yes,
14,Salinity,86919,,,,yes,,
15,"Elevation, groundwater surface, MSL",85611,,,,,,
16,"Depth, from below top of casing to water level",85231,,,,,,
17,Oxygen,84159,,,,,,
18,Total dissolved solids,76800,,,yes,,,
19,Kjeldahl nitrogen,73129,,,,,yes,
20,"Depth, Secchi disk depth",69298,,,,,yes,
21,"Nitrogen, mixed forms (NH3), (NH4), organic, (NO2) and (NO3)",63931,,,,,yes,
22,Ammonia and ammonium,63380,,,,,yes,
23,Chloride,62895,,,yes,,yes,
24,Nitrite,62122,,,,,,
25,Organic carbon,57748,,,,,,
26,Nitrate,56177,,yes,,yes,,
27,Fecal Coliform,53662,,yes,,,,
28,Magnesium,48985,,,,,,
29,Calcium,48968,,,,,,
30,"Height, gage",47172,,,,,,
31,"Alkalinity, total",47051,,,,,yes,
32,"Acidity, (H+)",46873,,,,,,
33,Ammonia,46531,,,,,yes,
34,Suspended Sediment Concentration (SSC),45350,,,,,,
35,Sulfate,45053,,,yes,,,
36,Sediment,43904,,,,,,
37,"Stream flow, instantaneous",43164,,,,,,
38,Sodium,41112,,,,,,
39,Iron,40442,,,yes,,yes,yes
40,Organic Nitrogen,39974,,,,,yes,
41,Barometric pressure,39038,,,,,,
42,Copper,38973,,yes,yes,yes,yes,yes
43,Lead,38569,,yes,,,yes,
44,Potassium,38532,,,,,,
45,Total Coliform,38436,,yes,,,,
46,Nitrogen,37942,,,,,yes,
47,Zinc,37502,,,yes,yes,yes,yes
48,Ammonia-nitrogen,36830,,,,,yes,
49,"Hardness, Ca, Mg",34690,,,,,,
50,Arsenic,33697,,yes,,yes,yes,
51,Cadmium,33667,,yes,,yes,yes,
52,Manganese,33319,,,yes,yes,,yes
53,Aluminum,32519,,,yes,,yes,
54,Selenium,32106,,yes,,yes,yes,
55,Nickel,30973,,,,yes,yes,
56,Water appearance (text),30557,,,,,,
57,"Depth, data-logger (non-ported)",28329,,,,,,
58,"Chlorophyll a, corrected for pheophytin",27537,,,,,yes,
59,Total Kjeldahl nitrogen (Organic N & NH3),26980,,,,,yes,
60,Chromium,26766,,yes,,yes,yes,
61,"Total Phosphorus, mixed forms",25396,,,,,yes,
62,Optical density,24092,,,,,,
63,Weather comments (text),23837,,,,,,
64,Depth,20991,,,,,,
65,Flow,20895,,,,,,
66,"Transparency, tube with disk",20825,,,,,,
67,Fluoride,20811,,yes,yes,,,
68,Silica,20501,,,,,,
69,"Biochemical oxygen demand, standard conditions",20329,,,,,,
70,True color,19962,,,yes,,,yes
71,Pheophytin a,19190,,,,,,
72,Silver,18375,,,yes,,yes,
73,"Chlorophyll a, uncorrected for pheophytin",18202,,,,,yes,
74,Stream condition (text),18120,,,,,,
75,"Temperature, air, deg C",17917,,,,,,
76,Phosphate-phosphorus,17759,,,,,yes,
77,Chlorophyll a,17733,,,,,yes,
78,Alkalinity,17442,,,,,yes,
79,Nitrate + Nitrite,16902,,yes,,,,
80,Barium,16793,,yes,,,yes,
81,RBP Stream width,16699,,,,,,
82,"Stream Physical Appearance, Minnesota (choice list)",15999,,,,,,
83,Stream recreational suitability (choice list),15833,,,,,,
84,Boron,14490,,,,,yes,
85,Lake physical appearance (choice list),14478,,,,,,
86,Lake recreational suitability (choice list),14440,,,,,,
87,Antimony,13697,,yes,,yes,,
88,Sodium adsorption ratio [(Na)/(sq root of 1/2 Ca + Mg)],13606,,,,,,
89,Strontium,13558,,,,,,
90,Beryllium,12821,,yes,,yes,,
91,Thallium,12811,,yes,,yes,,
92,Carbon dioxide,12770,,,,,,
93,Mercury,12148,,yes,,,yes,
94,"Sodium, percent total cations",11750,,,,,,
95,Molybdenum,11231,,,,,,
96,"Total Nitrogen, mixed forms",11131,,,,,yes,
97,Total hardness,11056,,,,,yes,
98,Density as sigma-t,10027,,,,,,
99,"Depth, data-logger (ported)",10021,,,,,,
100,Vanadium,9800,,,,,,
101,"Hardness, non-carbonate",9686,,,,,,
102,Bromide,9330,,,,,,
103,"Temperature, air",9320,,,,,,
104,Bicarbonate,9092,,,,,,
105,Suspended Sediment Discharge,8931,,,,,,
106,Chlorophyll a (probe relative fluorescence),8860,,,,,yes,
107,Total solids,8511,,,,,,
108,Carbonate,8404,,,,,,
109,Chlorophyll b,8385,,,,,,
110,"Depth, bottom",8085,,,,,,
111,Precipitation 24hr prior to monitoring event (choice list),7750,,,,,,
112,Lithium,7733,,,,,,
113,Stream physical appearance (choice list),7433,,,,,,
114,Carbon,7413,,,,,,
115,Chlorophyll c,6935,,,,,,
116,"Temperature, sample",6794,,,,,,
117,Inorganic carbon,6335,,,,,,
118,Pool Depth,6222,,,,,,
119,"RBP2, Weather Condition, Now (choice list)",6209,,,,,,
120,Nutrient-nitrogen,5967,,,,,yes,
121,Volatile suspended solids,5939,,,,,,
122,"Hardness, carbonate",5920,,,,,,
123,RBP High water mark,5889,,,,,,
124,"Carbonaceous biochemical oxygen demand, standard conditions",5572,,,,,,
125,Chlorophyll a (probe),5561,,,,,yes,
126,"Substrate Dominant, Channel (choice list)",5452,,,,,,
127,Wind velocity,5398,,,,,,
128,"Wind direction (direction from, expressed 0-360 deg)",5257,,,,,,
129,"RBP2, Water Quality, Turbidity (choice list)",5050,,,,,,
130,"Chlorophyll a, free of pheophytin",4838,,,,,yes,
131,Cobalt,4767,,,,,,
132,Oil and Grease,4680,,,,,yes,
133,Floating debris - severity (choice list),4657,,,,,,
134,"Detergent, severity (choice list)",4641,,,,,,
135,Floating algae mat - severity (choice list),4617,,,,,,
136,Floating Garbage Severity (choice List),4610,,,,,,
137,"Odor, atmospheric",4606,,,yes,,,
138,"Fish Kill, Severity (choice list)",4583,,,,,,
139,"Transparency, Secchi tube with disk",4579,,,,,,
140,Water level (probe),4569,,,,,,
141,Turbidity severity (choice list),4566,,,,,,
142,Fixed suspended solids,4557,,,,,,
143,Tide stage,4525,,,,,,
144,"Flow, stream stage (choice list)",4458,,,,,,
145,"Phosphorus, Particulate Organic",4394,,,,,,
146,Bank erosion stability (choice list),4374,,,,,,
147,Ammonium,4338,,,,,,
148,Total volatile solids,4320,,,,,,
149,Pheophytin ratio,4301,,,,,,
150,Chlorophyll,4239,,,,,,
151,Tin,4078,,,,,,
152,General observation (text),4062,,,,,,
153,"RBP2, Weather Condition, Heavy Rain in Last 7 Days, Y/N (choice list)",4055,,,,,,
154,"Light, photosynthetic active radiation at depth (PAR)",4000,,,,,,
155,"RBP2, Weather Condition, Past 24 Hours (choice list)",3973,,,,,,
156,Wave height,3905,,,,,,
157,Phycocyanin (probe relative fluorescence),3860,,,,,,
158,Organic phosphorus,3805,,,,,,
159,Atrazine,3738,,yes,,,yes,
160,"Inorganic nitrogen (ammonia, nitrate and nitrite)",3599,,yes,,,yes,
161,Precipitation,3505,,,,,,
162,Hydroxide,3476,,,,,,
163,Metolachlor,3446,,,,,,
164,Cloud cover,3443,,,,,,
165,"Light, photosynthetic active radiation (PAR)",3403,,,,,,
166,Simazine,3305,,yes,,,,
167,Acetochlor,3266,,,,,,
168,Chemical oxygen demand,3257,,,,,,
169,Silicon,3196,,,,,,
170,UV 254,3185,,,,,,
171,Prometon,3170,,,,,,
172,Precipitation 24hr prior to monitoring event amount,3148,,,,,,
173,Chlorpyrifos,3117,,,,,yes,
174,Linuron,3112,,,,,,
175,2-Chloro-4-isopropylamino-6-amino-s-triazine,3096,,,,,,
176,Diuron,3090,,,,,,
177,Pyraclostrobin,3090,,,,,,
178,Extract volume,3071,,,,,,
179,Imidacloprid,3071,,,,,,
180,Initial sample volume,3071,,,,,,
181,"Light, (PAR at depth/PAR at surface) x 100",3071,,,,,,
182,Diazinon,3050,,,,,yes,
183,Metribuzin,3041,,,,,,
184,"Flow rate, instantaneous",3014,,,,,,
185,Uranium,2967,,yes,,,,
186,Oxidation reduction potential (ORP),2943,,,,,,
187,Particulate Organic Nitrogen and Particulate Nitrogen,2924,,,,,,
188,Malathion,2895,,,,,yes,
189,Particulate organic carbon,2895,,,,,,
190,Carbaryl,2870,,,,,yes,
191,Terbufos,2836,,,,,,
192,Ethoprop,2773,,,,,,
193,Hexazinone,2765,,,,,,
194,Silicate,2741,,,,,,
195,Depth of pond or reservoir in feet,2702,,,,,,
196,"2,4-D",2635,,yes,,yes,,
197,Dichlorvos,2623,,,,,,
198,Clostridium perfringens,2619,,,,,,
199,"Precipitation, time since event",2586,,,,,,
200,Triclopyr,2578,,,,,,
201,Dimethenamid,2543,,,,,,
202,Bromacil,2535,,,,,,
203,"RBP2, Instream features, est. stream depth",2528,,,,,,
204,Stream width measure,2511,,,,,,
205,Tebuthiuron,2495,,,,,,
206,Dimethoate,2486,,,,,,
207,Phycocyanins,2443,,,,,,
208,"RBP2, Water Quality, Water Odors (choice list)",2442,,,yes,,,
209,Stream velocity (choice list),2434,,,,,,
210,Propiconazole,2363,,,,,,
211,Propazine,2310,,,,,,
212,Uranium-238,2308,,yes,,,,
213,Methomyl,2284,,,,,,
214,Propoxur,2281,,,,,,
215,Stream stage,2280,,,,,,
216,Tetrachloroethylene,2258,,yes,,yes,,
217,Bentazon,2254,,,,,,
218,"Stream flow, mean. daily",2210,,,,,,
219,Osmotic pressure,2190,,,,,,
220,Azoxystrobin,2183,,,,,,
221,Vinyl chloride,2158,,yes,,yes,,
222,Trichloroethylene,2155,,yes,,yes,,
223,"cis-1,2-Dichloroethylene",2151,,yes,,,,
224,"trans-1,2-Dichloroethylene",2146,,,,yes,,
225,Glyphosate,2135,,yes,,,,
226,Cations-Anions,2124,,,,,,
227,Fluometuron,2098,,,,,,
228,Sulfometuron methyl,2097,,,,,,
229,Acephate,2095,,,,,,
230,Alachlor,2087,,yes,,,,
231,Cyanazine,2076,,,,,,
232,Trifloxystrobin,2068,,,,,,
233,p-Dichlorobenzene,2067,,yes,,yes,,
234,Metalaxyl,2056,,,,,,
235,Width,2029,,,,,,
236,"Alkalinity, Phenolphthalein (total hydroxide+1/2 carbonate)",1997,,,,,,
237,Cylindrospermopsin,1980,,,,yes,,
238,Tribromomethane,1972,,,,,,
239,o-Dichlorobenzene,1971,,yes,,yes,,
240,Fipronil,1963,,,,,,
241,Fipronil Desulfinyl,1963,,,,,,
242,Fipronil Sulfide,1963,,,,,,
243,Fipronil Sulfone,1963,,,,,,
244,S-Ethyl dipropylthiocarbamate,1927,,,,,,
245,Toluene,1922,,yes,,yes,,
246,Methylmercury(1+),1906,,yes,,yes,,
247,"1,1-Dichloroethane",1899,,,,,,
248,"1,1,1-Trichloroethane",1898,,yes,,yes,,
249,Naphthalene,1877,,,,,,
250,Chloroform,1876,,,,yes,,
251,"1,2-Dichloropropane",1874,,yes,,yes,,
252,"1,2-Dichloroethane",1869,,yes,,yes,,
253,Pendimethalin,1867,,,,,,
254,Carbon tetrachloride,1864,,yes,,yes,,
255,Chlorobenzene,1864,,yes,,yes,,yes
256,Trifluralin,1863,,,,,,
257,Dichlorobromomethane,1861,,,,yes,,
258,Methylene chloride,1850,,,,yes,,
259,Chlorodibromomethane,1846,,,,yes,,
260,Oxygen-18/Oxygen-16 ratio,1837,,,,,,
261,Acetamiprid,1832,,,,,,
262,Benzene,1831,,yes,,yes,,
263,Ethylbenzene,1831,,yes,,yes,,
264,Soluble Reactive Phosphorus (SRP),1824,,,,,,
265,Fluridone,1820,,,,,,
266,Imazapyr,1803,,,,,,
267,"1,1,2-Trichloroethane",1795,,yes,,yes,,
268,Chloromethane,1782,,,,,,
269,"trans-1,3-Dichloropropene",1781,,,,yes,,
270,Methyl bromide,1780,,,,yes,,
271,"1,2,4-Trichlorobenzene",1771,,yes,,yes,,
272,Methyl tert-butyl ether,1771,,,,,yes,
273,"cis-1,3-Dichloropropene",1760,,,,yes,,
274,Styrene,1753,,yes,,,,
275,Velocity - stream,1741,,,,,,
276,Myclobutanil,1737,,,,,,
277,Azinphos-methyl,1733,,,,,,
278,Diazinon-D10,1699,,,,,yes,
279,1rs Cis-Permethrin,1691,,,,,,
280,Aminomethylphosphonic acid,1685,,,,,,
281,Molinate,1680,,,,,,
282,Thiobencarb,1665,,,,,,
283,Dicamba,1661,,,,,,
284,Prometryn,1658,,,,,,
285,Dieldrin,1654,,,,yes,yes,
286,Ethylene dibromide,1651,,yes,,,,
287,Dicrotophos,1649,,,,,,
288,Pronamide,1646,,,,,,
289,"1,2-Dibromo-3-chloropropane",1635,,yes,,,,
290,Terbuthylazine,1633,,,,,,
291,Fenamiphos,1632,,,,,,
292,Carbofuran,1630,,yes,,,,
293,n-Propylbenzene,1628,,yes,,,,
294,"1,2,4-Trimethylbenzene",1625,,yes,,,,
295,Methyl parathion,1625,,,,,,
296,sec-Butylbenzene,1625,,yes,,,,
297,"1,2,3-Trichloropropane",1612,,,,,,
298,"1,1,1,2-Tetrachloroethane",1610,,,,,,
299,Deuterium/Hydrogen ratio,1586,,,,,,
300,Endosulfan sulfate,1546,,,yes,yes,,
301,Tebuconazole,1540,,,,,,
302,Carbon disulfide,1534,,,,,,
303,Butylate,1531,,,,,,
304,Sulfentrazone,1518,,,,,,
305,Piperonyl butoxide,1511,,,,,,
306,CFC-11,1495,,,,,,
307,.alpha.-Endosulfan,1493,,,,yes,yes,
308,Sum of cations,1487,,,,,,
309,Sum of anions,1486,,,,,,
310,Distance from/to,1467,,,,,,
311,Oxyfluorfen,1463,,,,,,
312,Hexachlorobutadiene,1456,,,,yes,,
313,Chlorthal-dimethyl,1450,,,,,,
314,"Light attenuation, depth at 99%",1442,,,,,,
315,Ametryn,1432,,,,,,
316,"1,1,2,2-Tetrachloroethane",1428,,,,yes,,
317,Chloroethane,1427,,,,,,
318,Cumene,1418,,,,,,
319,Weather condition (WMO code 4501) (choice list),1394,,,,,,
320,Methyl paraoxon,1378,,,,,,
321,CFC-12,1375,,,,,,
322,Apparent color,1353,,,yes,,,yes
323,Aldrin,1339,,,,yes,yes,
324,Endrin,1335,,yes,,yes,yes,
325,Heptachlor,1335,,yes,,yes,yes,
326,Heptachlor epoxide,1335,,yes,,yes,yes,
327,"p,p'-DDT",1325,,,,yes,yes,
328,Lindane,1298,,yes,,yes,yes,
329,Desisopropyl atrazine,1290,,yes,,,,
330,"1-(3,4-dichlorophenyl)-3-methyl urea",1287,,,,,,
331,Metconazole,1287,,,,,,
332,Oryzalin,1287,,,,,,
333,Tetraconazole,1287,,,,,,
334,Carbendazim,1285,,,,,,
335,Methoxyfenozide,1285,,,,,,
336,Phostebupirim,1285,,,,,,
337,Calcium carbonate,1282,,,,,,
338,"1,1-Dichloroethylene",1277,,yes,,yes,,
339,"Algae, blue-green (phylum cyanophyta) density",1275,,,,,,
340,Acetaminophen,1271,,,,,,
341,Acetochlor ESA,1271,,,,,,
342,Acetochlor OA,1271,,,,,,
343,Carbamazepine,1271,,,,,,
344,Dechlorometolachlor,1271,,,,,,
345,Hydroxymetolachlor,1271,,,,,,
346,Metochlor ESA,1271,,,,,,
347,Metolachlor OA,1271,,,,,,
348,"1H-1,2,4-Triazole",1270,,,,,,
349,"1H-Pyrazole-3-carboxamide, 5-amino-1-[2,6-dichloro-4-(trifluoromethyl)phenyl]-4-[(trifluoromethyl)sulfinyl]-",1270,,,,,,
350,"2-Chloro-4,6-diamino-s-triazine",1270,,,,,,
351,3-Phenoxybenzoic acid,1270,,,,,,
352,"Benzenepropanenitrile, .alpha.-(cyclopropylcarbonyl)- 2-(methylsulfonyl)-.beta.- oxo-4-(trifluoromethyl)-",1270,,yes,,,,
353,Bromoxynil,1270,,,,,,
354,Deethylhydroxyatrazine,1270,,yes,,,,
355,Hydroxysimazine,1270,,,,,,
356,Imazethapyr,1270,,,,,,
357,"1,2,3-Trichlorobenzene",1269,,yes,,,,
358,Chlorimuron-ethyl,1269,,,,,,
359,Halosulfuron-methyl,1269,,,,,,
360,Diflubenzuron,1268,,,,,,
361,Methamidophos,1268,,,,,,
362,Terbufos sulfone,1268,,,,,,
363,Terbufos sulfoxide,1268,,,,,,
364,"1,3,5-Trimethylbenzene",1267,,yes,,,,
365,"2,4-D-d3",1266,,yes,,yes,,
366,3-Phenoxybenzoic acid-13C6,1266,,,,,,
367,Acetochlor-d11,1266,,,,,,
368,Alachlor-d13,1266,,yes,,,,
369,Butachlor ESA,1266,,,,,,
370,Carbaryl-d7,1266,,,,,yes,
371,Carbofuran-D3,1266,,yes,,,,
372,cis-Permethrin-13C6,1266,,,,,,
373,Deethylatrazine-d6,1266,,yes,,,,
374,Dimethachlor sulfonic acid,1266,,,,,,
375,Diuron-d6,1266,,,,,,
376,Hexazinone-d6,1266,,,,,,
377,Linuron-d6,1266,,,,,,
378,Metolachlor-d6,1266,,,,,,
379,n-Butylbenzene,1266,,yes,,,,
380,Tebuconazole-d6,1266,,,,,,
381,Thiobencarb-d10,1266,,,,,,
382,Carbendazim-d4,1265,,,,,,
383,Diflubenzuron-d4,1265,,,,,,
384,Malathion-D10,1265,,,,,,
385,Nicosulfuron-d6,1265,,,,,,
386,"1,1-Dichloropropene",1264,,,,,,
387,"1,3-Dichloropropane",1264,,,,,,
388,Bromobenzene,1264,,yes,,,,
389,Methoxychlor,1264,,yes,,yes,yes,
390,p-Chlorotoluene,1264,,,,,,
391,tert-Butylbenzene,1264,,yes,,,,
392,"Depth, from ground surface to well water level",1263,,,,,,
393,Dibromomethane,1249,,,,,,
394,"p,p'-DDE",1243,,,,yes,,
395,Norflurazon,1241,,,,,,
396,.alpha.-Hexachlorocyclohexane,1240,,,,yes,,
397,Etoxazole,1238,,,,,,
398,cis-Chlordane,1235,,yes,,yes,yes,
399,p-Cymene,1234,,,,,,
400,Parathion,1233,,,,,yes,
401,"Biochemical oxygen demand, non-standard conditions",1230,,,,,,
402,Water,1230,,,,,,
403,Specific conductivity,1229,,,,,,
404,o-Chlorotoluene,1227,,,,,,
405,Bifenthrin,1226,,,,,,
406,Toluene-d8,1226,,yes,,,,
407,p-Bromofluorobenzene,1225,,yes,,,,
408,2-Hydroxyatrazine,1223,,yes,,,,
409,Transpermethrin,1223,,,,,,
410,trans-Chlordane,1217,,yes,,yes,yes,
411,Propachlor,1209,,,,,,
412,"p,p'-DDD",1204,,,,yes,,
413,Microcystins,1202,,,,yes,,
414,trans-Nonachlor,1197,,,,,,
415,Oxamyl,1182,,yes,,,,
416,Xylene,1171,,yes,,,,
417,Sucralose,1167,,,,,,
418,Acetone,1160,,,,,,
419,Methyl isobutyl ketone,1153,,,,,,
420,Methyl ethyl ketone,1152,,,,,,
421,Precipitation 48hr prior to monitoring event (choice list),1151,,,,,,
422,4-Hydroxychlorothalonil,1148,,,,,,
423,Mevinphos,1147,,,,,,
424,"2,2-Dichloropropane",1145,,,,,,
425,.beta.-Endosulfan,1144,,,,yes,yes,
426,Cloud cover (percent),1134,,,,,,
427,Hydrocodone,1124,,,,,,
428,"Benzeneacetic acid, .alpha.-methyl-4-(2-methylpropyl)-",1122,,yes,,,,
429,"N,N-Diethyl-m-toluamide",1120,,,,,,
430,Trihalomethanes,1092,,yes,,,,
431,m-Dichlorobenzene,1085,,yes,,yes,,
432,Pyriproxyfen,1081,,,,,,
433,Mirex,1065,,,,,yes,
434,Total Kjeldahl nitrogen,1059,,,,,,
435,Permethrin,1058,,,,,,
436,Endrin aldehyde,1052,,,,yes,,
437,o-Xylene,1050,,yes,,,,
438,Terbacil,1050,,,,,,
439,Microcystin,1043,,,,yes,,
440,Butachlor,1034,,,,,,
441,"m,p-Xylene",1029,,yes,,,,
442,cis-Cyhalothric acid,1014,,,,,,
443,Methiocarb,1014,,,,,,
444,Clothianidin,1004,,,,,,
445,Dinotefuran,1004,,,,,,
446,Thiamethoxam,1004,,,,,,
447,Endothall,1002,,yes,,,,
448,Siduron,996,,,,,,
449,Benzovindiflupyr,992,,,,,,
450,Tolfenpyrad,992,,,,,,
451,Acesulfame,985,,,,,,
452,Glufosinate-ammonium,985,,,,,,
453,Mandestrobin,982,,,,,,
454,Colored dissolved organic matter (CDOM),979,,,,,,
455,Tris(2-chloroethyl) phosphate,979,,,,,,
456,"Tris(1,3-dichloro-2-propyl)phosphate",977,,,,,,
457,Afidopyropen,975,,,,,,
458,Fenuron,975,,,,,,
459,Mecoprop,975,,,,,,
460,Naproxen,975,,,,,,
461,Primidone,975,,,,,,
462,Hydrogen sulfide,961,,,,,yes,
463,Dreissena polymorpha,941,,,,,,
464,Caffeine,934,,,,,,
465,Depth to water level below land surface,933,,,,,,
466,Dichlobenil,905,,,,,,
467,N-2-Ethylhexylbicycloheptenedicarboximide,905,,,,,,
468,Phorate,900,,,,,,
469,Fonofos,898,,,,,,
470,"1,1-Dichloroethene",881,,,,,,
471,Chlorothalonil,878,,,,,,
472,Hexane,876,,,,,,
473,"1,3-Butadiene",875,,,,,,
474,Pressure,874,,,,,,
475,Cyanide,868,,yes,,yes,yes,
476,Pebulate,867,,,,,,
477,Cycloate,858,,,,,,
478,CFC-113,849,,,,,,
479,Napropamide,848,,,,,,
480,Total carbon,847,,,,,,
481,Disulfoton,846,,,,,,
482,Triadimefon,845,,,,,,
483,Tricyclazole,845,,,,,,
484,Microcystin LR,844,,,,yes,,
485,Diphenamid,843,,,,,,
486,Vernolate,841,,,,,,
487,"Benzene Hexachloride, Beta (BHC)",840,,yes,,,,
488,"Benzene Hexachloride, Delta (BHC)",840,,yes,,,,
489,2-Hexanone,833,,,,,,
490,Chlorpropham,830,,,,,,
491,"2,6-Dichlorobenzamide",828,,,,,,
492,Chlorobenzilate,828,,,,,,
493,Chloroneb,828,,,,,,
494,Etridiazole,828,,,,,,
495,Fenarimol,828,,,,,,
496,Neburon,828,,,,,,
497,Pyraflufen-ethyl,828,,,,,,
498,Simetryn,828,,,,,,
499,Tetrachlorvinphos,828,,,,,,
500,Biogenic Silica,820,,,,,,
501,Terbutryn,817,,,,,,
502,Metsulfuron-methyl,803,,,,,,
503,Bromochloromethane,802,,,,,,
504,1-Bromo-3-chloropropane-d6,792,,,,,,
505,Pentachlorophenol,789,,yes,,yes,yes,yes
506,Relative Air Temperature (choice list),778,,,,,,
507,Wind Condition (choice list),778,,,,,,
508,Mexacarbate,731,,,,,,
509,Anatoxin-A,726,,,,,,
510,Iodide,718,,,,,,
511,Glufosinate,700,,,,,,
512,Ethion,699,,,,,,
513,Isophorone,698,,,,yes,,
514,Microcystin LA,676,,,,yes,,
515,Microcystin LF,676,,,,yes,,
516,Microcystin LW,676,,,,yes,,
517,Microcystin LY,676,,,,yes,,
518,Microcystin RR,676,,,,yes,,
519,Microcystin WR,676,,,,yes,,
520,Microcystin YR,676,,,,yes,,
521,"Microcystin LR, Desmethyl",655,,,,yes,,
522,Phenols,649,,,,yes,,yes
523,Carbon-14,626,,,,,,
524,Tetrahydrofuran-d8,626,,,,,,
525,"1,4-Dioxane",625,,,,,,
526,Precipitation 48hr prior to monitoring event amount,616,,,,,,
527,Beta Cypermethrin,612,,,,,,
528,Propanil,606,,,,,,
529,Propargite,606,,,,,,
530,"Alkalinity, bicarbonate",605,,,,,,
531,"Residue, Total",601,,,,,,
532,Halon 1011,600,,,,,,
533,Desulfinylfipronil amide,589,,,,,,
534,Cyfluthrin,581,,,,,,
535,Methyl iodide,579,,,,,,
536,Nitrogen-15/14 ratio,578,,,,,,
537,Hexachlorobenzene,577,,yes,,yes,,
538,.lambda.-Cyhalothrin,573,,,,,,
539,Chromium(VI),570,,yes,,yes,yes,
540,RBP Turbidity Code (choice list),570,,,,,,
541,Malaoxon,567,,,,,,
542,Tribufos,567,,,,,,
543,N-methyl perfluorooctanesulfonamidoacetic acid,563,,,,,,
544,Acrylonitrile,561,,,,yes,,
545,Chlorpyrifos O.A.,556,,,,,,
546,"2-Chloro-2',6'-diethylacetanilide",551,,,,,,
547,Disulfoton sulfone,550,,,,,,
548,Hexachlorocyclopentadiene,550,,yes,,yes,,yes
549,Methidathion,550,,,,,,
550,Azinphos-methyl oxygen analog,549,,,,,,
551,Fenamiphos Sulfone,549,,,,,,
552,Nitrobenzene,549,,yes,,yes,,yes
553,Phorate O.A.,549,,,,,,
554,Terbufos oxygen analog sulfone,549,,,,,,
555,Vinyl acetate,546,,,,,,
556,Sulfide,540,,,,,yes,
557,Propylene,539,,,,,,
558,Tritium,537,,,,,,
559,"Glycine, N-ethyl-N-[(1,1,2,2,3,3,4,4,5,5,6,6,7,7,8,8,8-heptadecafluorooctyl)sulfonyl]-",536,,,,,,
560,"1,3-Dichlorobenzene",525,,yes,,yes,,
561,Benzo[a]pyrene,516,,yes,,yes,,
562,Light attenuation at measurement depth,510,,,,,,
563,"Alkalinity, carbonate",507,,,,,,
564,Tide stage (choice list),491,,,,,,
565,Velocity-discharge,485,,,,,,
566,Cyclohexane,484,,,,,,
567,Methylcyclohexane,484,,,,,,
568,Fenamiphos sulfoxide,478,,,,,,
569,Isopropyl ether,473,,,,,,
570,Iprodione,467,,,,,,
571,MCPA,462,,,,,,
572,Carbon-13/Carbon-12 ratio,448,,,,,,
573,Dicyclopentadiene,448,,,,,,
574,p-Ethyltoluene,448,,,,,,
575,Cotinine,447,,,,,,
576,"Chlorophyll a (probe) concentration, Cyanobacteria (bluegreen)",441,,,,,yes,
577,Hardness,441,,,,,yes,
578,"Depth, Secchi disk depth (choice list)",436,,,,,,
579,".alpha.-1,2,3,4,5,6-Hexachlorocyclohexane-D6 or alpha-HCH D6",434,,,,yes,,
580,"Chemical oxygen demand, (high level)",434,,,,,,
581,Benfluralin,431,,,,,,
582,Fecal Streptococcus Group Bacteria,425,,,,,,
583,"2,6-Diethylaniline",421,,,,,,
584,Methyl acetate,415,,,,,,
585,"Temperature, air, deg F",413,,,,,,
586,Depth of water column,407,,,,,,
587,"3,4-Dichloroaniline",399,,,,,,
588,"3,5-Dichloroaniline",399,,,,,,
589,Phosmet,396,,,,,,
590,Anthracene,395,,,,yes,,
591,Fluoranthene,395,,,,yes,,
592,Phenanthrene,395,,,,,,
593,Pyrene,395,,,,yes,,
594,"1,2,3-Trimethylbenzene",393,,yes,,,,
595,Tefluthrin,392,,,,,,
596,"1,2-Dichloroethane-d4",391,,yes,,,,
597,4-Chloro-2-methylphenol,390,,,,,,
598,N-Nitrosodiethylamine,390,,,,yes,,
599,Silvex,390,,yes,,yes,,
600,Toxaphene,390,,yes,,yes,yes,
601,2-Choro-6-ethylamino-4-amino-s-triazine,387,,,,,,
602,Dinoseb,383,,yes,,,,
603,1-Naphthol,382,,,,,,
604,2-Ethyl-6-methylaniline,382,,,,,,
605,cis-Propiconazole,382,,,,,,
606,tert-Butanol,382,,,,,,
607,trans-Propiconazole,382,,,,,,
608,"Cyanide, available",381,,yes,,yes,yes,
609,Isofenphos,381,,,,,,
610,Methyl isoamyl ketone,381,,,,,,
611,.alpha.-Terpineol,379,,,,,,
612,1-Butanol,379,,,,,,
613,1-Methoxy-4-(2-propenyl)benzene,379,,yes,,,,
614,1-Octanol,379,,,,,,
615,"1,1-Dichloropropanone",379,,,,,,
616,"1,3-Dioxolane",379,,,,,,
617,2-Nitropropane,379,,,,,,
618,2-Propen-1-ol,379,,,,,,
619,"2,6-Dimethyl-4-heptanone",379,,,,,,
620,4-Methyl-2-pentanol,379,,,,,,
621,Acetonitrile,379,,,,,,
622,Butyraldehyde,379,,,,,,
623,Chloropicrin,379,,,,,,
624,Dimethoxymethane,379,,,,,,
625,Ethyl acetate,379,,,,,,
626,Ethylene glycol monoethyl ether acetate,379,,,,,,
627,Isobutyl acetate,379,,,,,,
628,Isobutyl alcohol-d6,379,,,,,,
629,Isopropyl acetate,379,,,,,,
630,Pentanal,379,,,,,,
631,trans-Crotonaldehyde,379,,,,,,
632,Naled,373,,,,,,
633,HCFC-21,368,,,,,,
634,HCFC-22,368,,,,,,
635,Butane,366,,,,,,
636,CFC-114,366,,,,,,
637,"Ethane, 1-chloro-1,1-difluoro-",366,,,,,,
638,HCFC-123,366,,,,,,
639,HFC-152a,366,,,,,,
640,Pentane,366,,,,,,
641,"1,2,3,4-Tetrahydronaphthalene",361,,,,,,
642,Aldicarb,357,,,,,,
643,Gran acid neutralizing capacity,357,,,,,,
644,Monomeric aluminum,356,,,yes,,,
645,Organic monomeric aluminum,356,,,yes,,,
646,3-Hydroxycarbofuran,354,,yes,,,,
647,Aldicarb sulfone,354,,,,,,
648,Aldicarb sulfoxide,354,,,,,,
649,cis-Nonachlor,353,,,,,,
650,Dichlorprop,342,,,,,,
651,Mecoprop-p (mcpp-p),338,,,,,,
652,"2,4,5-T",335,,,,,,
653,"Ice cover, floating or solid - severity (choice list)",335,,,,,,
654,Chlordane,332,,yes,,yes,yes,
655,Perchlorate,332,,,,,,
656,Aminocarb,328,,,,,,
657,Non-purgeable Organic Carbon (NPOC),324,,,,,,
658,"3,5-Dichlorobenzoic acid",320,,,,,,
659,Acrolein,319,,,,yes,yes,
660,.beta.-Hexachlorocyclohexane,314,,,,yes,,
661,.delta.-Hexachlorocyclohexane,314,,,,yes,,
662,Acifluorfen,311,,,,,,
663,"Water level in well, depth from a reference point",310,,,,,,
664,Phenol,309,,,,yes,,yes
665,Phycocyanin,309,,,,,,
666,Acidity,306,,,,,,
667,Argon,305,,,,,,
668,Phosmetoxon,305,,,,,,
669,(RS)-AMPA (Aminomethyl phosphonic acid),303,,,,,,
670,"Depth, below bottom surface",303,,,,,,
671,RBP Water Odors (choice list),303,,,yes,,,
672,Picloram,301,,yes,,,,
673,"2,4-DB",299,,yes,,yes,,
674,Triclosan,298,,,,,,
675,2-Methylnaphthalene,296,,,,,,
676,Hexachloroethane,296,,,,yes,,
677,Metoprolol,296,,,,,,
678,Sulfadimethoxine,296,,,,,,
679,Trimethoprim,296,,,,,,
680,Wave height (WMO code 1555) (choice list),295,,,,,,
681,Carbazole,289,,,,,,
682,Diethyl phthalate,288,,,,yes,,
683,Water level in relation to reference point,286,,,,,,
684,Sulfamethoxazole,285,,,,,,
685,Ferrous ion,280,,,,,,
686,Ethalfluralin,277,,,,,,
687,Radium-226,276,,yes,,,,
688,Oxadiazon,272,,,,,,
689,Prodiamine,272,,,,,,
690,Carbophenothion,270,,,,,,
691,"Flow, severity (choice list)",268,,,,,,
692,Dithiopyr,265,,,,,,
693,Imazalil,265,,,,,,
694,Count,264,,,,,,
695,delta carbon-13/carbon-12,263,,,,,,
696,Helium-4,262,,,,,,
697,Neon,262,,,,,,
698,Cholesterol,260,,,,,,
699,Coprosterol,260,,,,,,
700,Settleable solids,260,,,,,,
701,Krypton,258,,,,,,
702,Norethisterone,258,,,,,,
703,Xenon,256,,,,,,
704,Chlorpyrifos-methyl,255,,,,,,
705,Demeton,255,,,,,yes,
706,Benzo(b)fluoranthene,254,,,,yes,,
707,Benzo[k]fluoranthene,254,,,,yes,,
708,Chrysene,254,,,,yes,,
709,Chlorthal monoacid and diacid degradates,251,,,,,,
710,Di(2-ethylhexyl) phthalate,249,,yes,,yes,,
711,Endrin ketone,249,,,,,,
712,Dibutyl phthalate,248,,,,yes,,
713,Flumioxazin,248,,,,,,
714,2-Chloronaphthalene,247,,,,yes,,
715,Acenaphthene,247,,,,yes,,yes
716,Acenaphthylene,247,,,,,,
717,Benz[a]anthracene,247,,,,,,
718,Fluorene,247,,,,yes,,
719,Benzo[ghi]perylene,246,,,,,,
720,"Dibenz[a,h]anthracene",246,,,,yes,,
721,"Indeno[1,2,3-cd]pyrene",243,,,,yes,,
722,Saxitoxin,242,,,,,,
723,Reservoir volume,235,,,,,,
724,Triallate,232,,,,,,
725,"RBP2, Habitat type, general comments",228,,,,,,
726,Reservoir storage,227,,,,,,
727,5-Tolyltriazole,224,,,,,,
728,Dicofol,220,,,,,,
729,Perfluorooctanesulfonamide,219,,,,,,
730,Relative humidity,215,,,,,,
731,"Chemical oxygen demand, (low level)",213,,,,,,
732,BacR DNA marker,212,,,,,,
733,Primary/ Secondary surrounding landuse (choice list),212,,,,,,
734,Acetophenone,211,,,,,,
735,HF183 DNA marker,210,,,,,,
736,Lead-210,210,,yes,,,,
737,Uranium-234,210,,yes,,,,
738,DG3 DNA marker,209,,,,,,
739,Methane,209,,,,,,
740,2-Methylisoborneol,208,,,,,,
741,Geosmin,208,,,,,,
742,"Floating vegetation severity, choice list",205,,,,,,
743,tert-Amyl methyl ether,205,,,,,,
744,Cross-section Depth,204,,,,,,
745,Ethyl ether,204,,,,,,
746,Ethyl tert-butyl ether,204,,,,,,
747,Gas bubble severity (choice list),203,,,,,,
748,Anatoxin,201,,,,,,
749,Wind Speed Severity (choice list),200,,,,,,
750,Phenothrin,199,,,,,,
751,Radon-222,199,,,,,,
752,1-Methylnaphthalene,196,,,,,,
753,"1-Decanesulfonic acid, 1,1,2,2,3,3,4,4,5,5,6,6,7,7,8,8,9,9,10,10,10-heneicosafluoro-",194,,,,,,
754,"1-Heptanesulfonic acid, 1,1,2,2,3,3,4,4,5,5,6,6,7,7,7-pentadecafluoro-",194,,,,,,
755,"1-Nonanesulfonic acid, 1,1,2,2,3,3,4,4,5,5,6,6,7,7,8,8,9,9,9-nonadecafluoro-",194,,,,,,
756,"1-Octanesulfonic acid, 3,3,4,4,5,5,6,6,7,7,8,8,8-tridecafluoro-",194,,,,,,
757,"1-Pentanesulfonic acid, 1,1,2,2,3,3,4,4,5,5,5-undecafluoro-",194,,,,,,
758,Heptafluorobutyric acid,194,,,,,,
759,Perfluorobutanesulfonic acid,194,,,,,,
760,Perfluorododecanoic acid,194,,,,,,
761,Perfluoroheptanoic acid,194,,,,,,
762,Perfluorohexanoic acid,194,,,,,,
763,Perfluorononanoic acid,194,,,,,,
764,Perfluorotetradecanoic acid,194,,,,,,
765,Perfluorotridecanoic acid,194,,,,,,
766,Perfluoroundecanoic acid,194,,,,,,
767,Perfluorovaleric acid,194,,,,,,
768,"2,4-Dinitrotoluene",193,,,,yes,,
769,"1-Decanesulfonic acid, 3,3,4,4,5,5,6,6,7,7,8,8,9,9,10,10,10-heptadecafluoro-",192,,,,,,
770,"1-Hexanesulfonic acid, 3,3,4,4,5,5,6,6,6-nonafluoro-",192,,,,,,
771,"Decanoic acid, 2,2,3,3,4,4,5,5,6,6,7,7,8,8,9,9,10,10,10-nonadecafluoro-",192,,,,,,
772,Prallethrin,189,,,,,,
773,Titanium,189,,,,,,
774,"Watershed, predominant surrounding land use",186,,,,,,
775,"3,4-Dichlorophenylurea",185,,,,,,
776,Butralin,185,,,,,,
777,"Depth, snow cover",185,,,,,,
778,Diazoxon,185,,,,,,
779,Indoxacarb,185,,,,,,
780,Kresoxim-methyl,185,,,,,,
781,Pyridaben,185,,,,,,
782,Tebufenozide,185,,,,,,
783,"RBP2, Riparian Vegetation, Dominant Species Present (choice list)",184,,,,,,
784,Coliphage,183,,,,,,
785,"1,2-Benzenedicarboxamide, N2-[1,1-dimethyl-2-(methylsulfonyl)ethyl]-3-iodo-N1-[2-methyl-4-[1,2,2,2-tetrafluoro-1-(trifluoromethyl)ethyl]phenyl]-",182,,yes,,,,
786,Novaluron,172,,,,,,
787,Color,171,,,yes,,,yes
788,Di(2-ethoxylhexyl) phthalate,171,,,,,,
789,Tebupirimphos oxon,171,,,,,,
790,"2,4-Dichlorophenol",170,,,,yes,,yes
791,"2,4,6-Trichlorophenol",170,,,,yes,,yes
792,"2,6-Dinitrotoluene",170,,,,,,
793,Bis(2-chloroethoxy)methane,170,,,,,,
794,Demeton-S,170,,,,,yes,
795,Dimethyl phthalate,170,,,,,,
796,Ionic strength,170,,,,,,
797,N-Nitrosodi-n-propylamine,170,,,,yes,,
798,o-Chlorophenol,170,,,,yes,,yes
799,o-Nitrophenol,170,,,,,,
800,p-Chlorophenyl phenyl ether,170,,,,,,
801,2-Chloro-N-(2-ethyl-6-methylphenyl)acetamide,169,,,,,,
802,Butyl benzyl phthalate,169,,,,yes,,
803,Hydroxyacetochlor,169,,,,,,
804,Hydroxyalachlor,169,,yes,,,,
805,2-(1-Hydroxyethyl)-6-methylaniline,168,,,,,,
806,2-(Dimethylamino)-N-hydroxy-2-oxoethanimidothioic acid methyl ester,168,,,,,,
807,2-[(2-Ethyl-6-methylphenyl)-amino]-1-propanol,168,,,,,,
808,2-Aminobenzimidazole,168,,,,,,
809,2-Isopropyl-6-methyl-4-pyrimidinol,168,,,,,,
810,4-Chlorobenzyl methyl sulfoxide,168,,,,,,
811,4-Hydroxyhexazinone A,168,,,,,,
812,Asulam,168,,,,,,
813,"Benzamide, 2-amino-N-(1-methylethyl)-",168,,,,,,
814,Chlorsulfuron,168,,,,,,
815,Deisopropylhydroxyatrazine,168,,yes,,,,
816,Demethyl hexazinone B,168,,,,,,
817,Demethylfluometuron,168,,,,,,
818,Desmethylnorflurazon,168,,,,,,
819,Didemethyl hexazinone F,168,,,,,,
820,Didemethyl tebuthiuron,168,,,,,,
821,Disulfoton oxon sulfone,168,,,,,,
822,Disulfoton oxon sulfoxide,168,,,,,,
823,EPTC degradate R248722,168,,,,,,
824,"Ethanimidothioic acid, N-hydroxy-, methyl ester",168,,,,,,
825,Fenbutatin-oxide,168,,,,,,
826,Fentin,168,,,,,,
827,Flumetsulam,168,,,,,,
828,Hexazinone Transformation Product C,168,,,,,,
829,Hydroxyphthalazinone,168,,,,,,
830,Hydroxytebuthiuron,168,,,,,,
831,Imazamox,168,,,,,,
832,Imazaquin,168,,,,,,
833,Isoxaflutole,168,,,,,,
834,Lactofen,168,,,,,,
835,Metolachlor hydroxy morpholinone,168,,,,,,
836,Metribuzin DA,168,,,,,,
837,Nicosulfuron,168,,,,,,
838,O-Ethyl O-methyl S-propyl phosphorothioate,168,,,,,,
839,Omethoate,168,,,,,,
840,Orthosulfamuron,168,,,,,,
841,Oxydisulfoton,168,,,,,,
842,Paraoxon,168,,,,,,
843,Phorate oxon sulfoxide,168,,,,,,
844,Phorate oxygen analog sulfone,168,,,,,,
845,Phorate sulfone,168,,,,,,
846,Phorate sulfoxide,168,,,,,,
847,Phthalazinone,168,,,,,,
848,Profenofos,168,,,,,,
849,Prosulfuron,168,,,,,,
850,Sulfosulfuron,168,,,,,,
851,Tebuthiuron Transformation Product 108,168,,,,,,
852,Terbufos oxon,168,,,,,,
853,Terbufos oxon sulfoxide,168,,,,,,
854,Wind direction from (choice list),167,,,,,,
855,Acetochlor sulfinylacetic acid,166,,,,,,
856,Alachlor OA,166,,yes,,,,
857,Dimethenamid oxanilic acid,166,,,,,,
858,p-Nitrophenol,166,,,,,,
859,Thiabendazole,166,,,,,,
860,Chlorthal-Monomethyl,165,,,,,,
861,Dechlorofipronil,165,,,,,,
862,Diflufenzopyr,165,,,,,,
863,Hexazinone Transformation Product D,165,,,,,,
864,Hexazinone Transformation Product E,165,,,,,,
865,Isoxaflutole acid metabolite RPA 203328,165,,,,,,
866,Metribuzin DADK,165,,,,,,
867,Metribuzin DK,165,,,,,,
868,4-(Hydroxymethyl) pendimethalin,164,,,,,,
869,"2,4-Dimethylphenol",163,,,,yes,,yes
870,BDE-003,162,,,,,,
871,Bis(2-chloroethyl) ether,162,,,,,,
872,p-Chloro-m-cresol,162,,,,,,
873,N-Nitrosodiphenylamine,161,,,,yes,,
874,Moisture content,160,,,,,,
875,Dimethenamid ESA,157,,,,,,
876,"2,4-Dinitrophenol",155,,,,yes,,
877,"4,6-Dinitro-o-cresol",155,,,,,,
878,Secchi Reading Condition (choice list),155,,,,,,
879,Deiodo flubendiamide,154,,,,,,
880,Hydroxy didemethyl fluometuron,154,,,,,,
881,Hydroxydiazinon,154,,,,,,
882,Tebuthiuron TP 109 (OH),154,,,,,,
883,Alachlor ESA,152,,yes,,,,
884,"(1R,2S,5R)-Menthol",151,,,,,,
885,"1,3,4,6,7,8-Hexahydro-4,6,6,7,8,8-hexamethylcyclopenta[g]-2-benzopyran",151,,,,,,
886,"2,6-Dimethylnaphthalene",151,,,,,,
887,AHTN,151,,,,,,
888,Alpha particle,151,,yes,,,,
889,Anthraquinone,151,,,,,,
890,Benzophenone,151,,,,,,
891,Beta particle,151,,yes,,,,
892,Caffeine-d9,151,,,,,,
893,Camphor,151,,,,,,
894,Decafluorobiphenyl,151,,,,,,
895,Fipronil sulfonate,151,,,,,,
896,Fluoranthene-d10,151,,,,,,
897,Isoborneol,151,,,,,,
898,Isoquinoline,151,,,,,,
899,"p-(1,1,3,3-Tetramethylbutyl)phenol",151,,,,,,
900,p-Cumylphenol,151,,,,,,
901,Tributyl phosphate,151,,,,,,
902,Triphenyl phosphate,151,,,,,,
903,Tris(2-butoxyethyl) phosphate,151,,,,,,
904,3-Methylindole,150,,,,,,
905,4-Nonylphenols,150,,,,,yes,
906,Indole,150,,,,,,
907,Methyl salicylate,150,,,,,,
908,p-Cresol,150,,,,,,
909,Triethyl citrate,150,,,,,,
910,1-(Aminomethyl)cyclohexaneacetic acid,149,,,,,,
911,Abacavir,149,,,,,,
912,Acetaminophen-d3,149,,,,,,
913,Acyclovir,149,,,,,,
914,Albuterol,149,,,,,,
915,Albuterol-d9,149,,,,,,
916,Alprazolam,149,,,,,,
917,Amitriptyline,149,,,,,,
918,Amphetamine,149,,,,,,
919,Amphetamine-d6,149,,,,,,
920,Antipyrine,149,,,,,,
921,Atenolol,149,,,,,,
922,Benztropine,149,,,,,,
923,Bupropion,149,,,,,,
924,Caffeine-trimethyl-13C3,149,,,,,,
925,Carisoprodol,149,,,,,,
926,Chlorpheniramine,149,,,,,,
927,Cimetidine,149,,,,,,
928,Citalopram,149,,,,,,
929,Clonidine,149,,,,,,
930,Codeine,149,,,,,,
931,Codeine-d6,149,,,,,,
932,Cotinine-d3,149,,,,,,
933,Dehydronifedipine,149,,,,,,
934,Desmethyldiltiazem,149,,,,,,
935,Desmethylvenlafaxine,149,,,,,,
936,Dextromethorphan,149,,,,,,
937,Diazepam,149,,,,,,
938,Diazepam-D5,149,,,,,,
939,Dilantin,149,,,,,,
940,Diltiazem,149,,,,,,
941,Diltiazem-d3,149,,,,,,
942,Diphenhydramine-d3,149,,,,,,
943,Duloxetine,149,,,,,,
944,Erythromycin,149,,,,,,
945,"Ethanamine, 2-(diphenylmethoxy)-N,N-dimethyl-",149,,,,,,
946,Ezetimibe,149,,,,,,
947,Fadrozole,149,,,,,,
948,Famotidine,149,,,,,,
949,Fenofibrate,149,,,,,,
950,Fexofenadine,149,,,,,,
951,Fluconazole,149,,,,,,
952,Fluoxetine,149,,,,,,
953,Fluoxetine-d6,149,,,,,,
954,Fluticasone propionate,149,,,,,,
955,Fluvoxamine,149,,,,,,
956,Glipizide,149,,,,,,
957,Glyburide,149,,,,,,
958,Hydrocodone-d3,149,,,,,,
959,"Hydroxy-amitriptyline, 10-",149,,,,,,
960,Hydroxyzine,149,,,,,,
961,Iminostilbene,149,,,,,,
962,Ketoconazole,149,,,,,,
963,Lamivudine,149,,,,,,
964,Loperamide,149,,,,,,
965,Loratadine,149,,,,,,
966,Lorazepam-D4,149,,,,,,
967,Meprobamate,149,,,,,,
968,Metaxalone,149,,,,,,
969,Metformin,149,,,,,,
970,Methadone,149,,,,,,
971,Methadone-d9,149,,,,,,
972,Methocarbamol,149,,,,,,
973,Methotrexate,149,,,,,,
974,"Morphinan-6-one, 4,5-epoxy-14-hydroxy-3-methoxy-17-methyl-, (5.alpha.)-",149,,,,,,
975,Morphine,149,,,,,,
976,Nadolol,149,,,,,,
977,Nevirapine,149,,,,,,
978,Nizatidine,149,,,,,,
979,Nordiazepam,149,,,,,,
980,Norfluoxetine,149,,,,,,
981,Norfluoxetine-d6,149,,,,,,
982,Norsertraline,149,,,,,,
983,Norverapamil,149,,,,,,
984,Oseltamivir,149,,,,,,
985,Oxazepam-d5,149,,,,,,
986,Oxycodone-d3,149,,,,,,
987,Paroxetine,149,,,,,,
988,Penciclovir,149,,,,,,
989,Pentoxifylline,149,,,,,,
990,Phenazopyridine,149,,,,,,
991,Phendimetrazine,149,,,,,,
992,Prednisolone,149,,,,,,
993,Prednisone,149,,,,,,
994,Propoxyphene,149,,,,,,
995,Propranol,149,,,,,,
996,Pseudoephedrine-d3,149,,,,,,
997,Quinine,149,,,,,,
998,Ractopamine,149,,,,,,
999,Raloxifene,149,,,,,,
1000,Ranitidine,149,,,,,,
1001,Sertraline,149,,,,,,
1002,Sitagliptin,149,,,,,,
1003,Sulfamethizole,149,,,,,,
1004,Sulfamethoxazole-13C6,149,,,,,,
1005,Tamoxifen-d5,149,,,,,,
1006,Temazepam,149,,,,,,
1007,Temazepam-d5,149,,,,,,
1008,Thiabendazole-d4,149,,,,,,
1009,Tiotropium,149,,,,,,
1010,Tolyl triazole,149,,,,,,
1011,Tramadol,149,,,,,,
1012,Triamterene,149,,,,,,
1013,Trimethoprim-d9,149,,,,,,
1014,Valacyclovir,149,,,,,,
1015,Venlafaxine,149,,,,,,
1016,Verapamil,149,,,,,,
1017,Warfarin,149,,,,,,
1018,"Acetamide, 2-(diethylamino)-N-(2,6-dimethylphenyl)-",148,,,,,,
1019,Hexamethylenetetramine,148,,,,,,
1020,Inorganic monomeric aluminum,148,,,yes,,,
1021,Promethazine,148,,,,,,
1022,sec-Acetochlor oxanilic acid,148,,,,,,
1023,Betamethasone,147,,,,,,
1024,Diclofenac,147,,,,,,
1025,Gemfibrozil,147,,,,,,
1026,Hydrocortisone,147,,,,,,
1027,Lincomycin,147,,,,,,
1028,Lorazepam,147,,,,,,
1029,Nicotine,147,,,,,,
1030,Oxazepam,147,,,,,,
1031,Sulfamethazine,147,,,,,,
1032,Sulfathiazole,147,,,,,,
1033,Tamoxifen,147,,,,,,
1034,Theophylline,147,,,,,,
1035,D-Limonene,146,,,,,,
1036,Hydroxy monodemethyl fluometuron,146,,,,,,
1037,.beta.-Sitosterol,144,,,,,,
1038,"Alkalinity, Hydroxide",144,,,,,,
1039,Stigmastan-3.beta.-ol,144,,,,,,
1040,"1,7-Dimethylxanthine",139,,,,,,
1041,Guanylurea,139,,,,,,
1042,GULL2 DNA marker,139,,,,,,
1043,N-Nitrosodimethylamine,139,,,,yes,,
1044,"3,3'-Dichlorobenzidine",138,,,,yes,,
1045,Clomazone,138,,,,,,
1046,Total microcystins plus nodularins,137,,,,yes,,
1047,Di(2-ethylhexyl) adipate,136,,yes,,,,
1048,Sulfur-34/Sulfur-32 ratio,134,,,,,,
1049,"trans-1,4-Dichloro-2-butene",134,,,,,,
1050,Oxychlordane,133,,yes,,,,
1051,"RBP2, Watershed, Predominant Surrounding Landuse (choice list)",133,,,,,,
1052,"RBP2, weather condition, general observation (text)",132,,,,,,
1053,Tetrahydrofuran,132,,,,,,
1054,Argon-40/Argon-36 error,131,,,,,,
1055,Helium-3/helium-4 error,131,,,,,,
1056,Helium-3/helium-4 ratio,131,,,,,,
1057,Neon-20/Neon-22 error,131,,,,,,
1058,Neon-20/Neon-22 ratio,131,,,,,,
1059,"2,2',4,4'-tetrabrominated diphenyl ether",130,,,,,,
1060,Krypton-86/Krypton-84 error,130,,,,,,
1061,Methyl methacrylate,130,,,,,,
1062,Argon-40/Argon-36 ratio,129,,,,,,
1063,"Specific Conductance, Calculated/Measured Ratio",129,,,,,,
1064,Xenon-130/Xenon-132 error,129,,,,,,
1065,Bis(2-chloroisopropyl) ether,128,,,,,,
1066,Krypton-86/Krypton-84 ratio,128,,,,,,
1067,RBP Stream depth - pool,127,,,,,,
1068,Xenon-130/Xenon-132 ratio,127,,,,,,
1069,"1,2,3,4-Tetramethylbenzene",126,,yes,,,,
1070,"1,2,3,5-Tetramethylbenzene",126,,yes,,,,
1071,Allyl chloride,126,,,,,,
1072,"Butane, 2-ethoxy-2-methyl-",126,,,,,,
1073,Ethyl methacrylate,126,,,,,,
1074,Methacrylonitrile,126,,,,,,
1075,Methyl Acrylate,126,,,,,,
1076,o-Ethyltoluene,126,,,,,,
1077,Vinyl bromide,126,,,,,,
1078,GFD DNA marker (purified),123,,,,,,
1079,Resistivity,123,,,,,,
1080,Deltamethrin,121,,,,,,
1081,Purge Volume,118,,,,,,
1082,Stream Cross-Sectional Area,116,,,,,,
1083,Chlorine,114,,yes,,,yes,
1084,11-KetoTestosterone,109,,,,,,
1085,16-Epiestriol-d2,109,,,,,,
1086,17.alpha.-Estradiol,109,,,,,,
1087,"17.beta.-Estradiol-13,14,15,16,17,18-13C6",109,,,,,,
1088,4-Androstenedione,109,,,,,,
1089,"4,4'-Isopropylidenediphenol",109,,,,,,
1090,5a-Dihydrotestosterone,109,,,,,,
1091,Bisphenol A-d16,109,,,,,,
1092,Cholesterol-d7,109,,,,,,
1093,"cis-Androsterone-2,2,3,4,4-d5",109,,,,,,
1094,Epitestosterone,109,,,,,,
1095,Equilenin,109,,,,,,
1096,Estradiol,109,,,,,,
1097,Estriol,109,,,,,,
1098,"Estriol-2,4,16,17-d4",109,,,,,,
1099,"Estrone-13,14,15,16,17,18-13C6",109,,,,,,
1100,Ethynylestradiol-d4,109,,,,,,
1101,Medroxyprogesterone-d3,109,,,,,,
1102,Mestranol,109,,,,,,
1103,"Mestranol-2,4,16,16-d4",109,,,,,,
1104,Nandrolone-d3,109,,,,,,
1105,Progesterone-13C3,109,,,,,,
1106,Testosterone,109,,,,,,
1107,"trans-Diethyl-1,1,1',1'-d4-stilbestrol-3,3',5,5'-d4",109,,,,,,
1108,trans-Diethylstilbestrol,109,,,,,,
1109,Androsterone,108,,,,,,
1110,Benzidine,108,,,,yes,,
1111,Equilin,108,,,,,,
1112,Estrone,108,,,,,,
1113,Ethinyl estradiol,108,,,,,,
1114,Progesterone,108,,,,,,
1115,Pumping rate,99,,,,,,
1116,Di-n-octyl phthalate,98,,,,,,
1117,MBAS,98,,,,,,
1118,Wind Speed (choice list),98,,,,,,
1119,Sulfur hexafluoride,96,,,,,,
1120,"RBP2, Instream features, est. stream width",95,,,,,,
1121,Water content of snow,93,,,,,,
1122,Ice thickness,92,,,,,,
1123,Soil Water,92,,,,,,
1124,"Water transparency, Secchi disc",92,,,,,,
1125,Strontium-90,90,,,,,,
1126,"Desethyl-desisopropyl Atrazine***retired***use 2-Chloro-4,6-diamino-s-triazine",89,,yes,,,,
1127,Desethylatrazine***retired***use 2-Chloro-4-isopropylamino-6-amino-s-triazine,89,,yes,,,,
1128,Diesel range organics,88,,,,,,
1129,Esfenvalerate,87,,,,,,
1130,Fenpropathrin,87,,,,,,
1131,Tau-fluvalinate,87,,,,,,
1132,Tetramethrin,87,,,,,,
1133,Actinomycetes,86,,,,,,
1134,Aroclor 1016,86,,,,,,
1135,Aroclor 1221,86,,,,,,
1136,Aroclor 1232,86,,,,,,
1137,Aroclor 1242,86,,,,,,
1138,Aroclor 1248,86,,,,,,
1139,Aroclor 1254,86,,,,,,
1140,Aroclor 1260,86,,,,,,
1141,Difenoconazole,85,,,,,,
1142,Fenbuconazole,85,,,,,,
1143,Fludioxonil,85,,,,,,
1144,Flutolanil,85,,,,,,
1145,Fluxapyroxad,85,,,,,,
1146,Azobenzene,82,,yes,,,,
1147,2-Chloroethyl vinyl ether,79,,,,,,
1148,"2,4,5-Trichlorophenol",79,,,,yes,,yes
1149,Anion/cation ratio,79,,,,,,
1150,Dibenzofuran,79,,,,,,
1151,Triclosan methyl ether,77,,,,,,
1152,Propylene glycol,76,,,,,,
1153,Density,75,,,,,,
1154,"1,2,3-Benzotriazole",73,,,,,,
1155,4-Methyl-1H-benzotriazole,73,,,,,,
1156,"BOD, Sediment Load",73,,,,,,
1157,Pheophytin,72,,,,,,
1158,Precipitation event duration,72,,,,,,
1159,Total Particulate Organic Nitrogen,72,,,,,,
1160,Cesium-137,71,,,,,,
1161,o-Cresol,71,,,,,,
1162,Heterotrophic bacteria,70,,yes,,,,
1163,Carfentrazone-ethyl,68,,,,,,
1164,Fluazifop-P-butyl,68,,,,,,
1165,m-Nitroaniline,68,,,,,,
1166,o-Nitroaniline,68,,,,,,
1167,Radium-228,68,,yes,,,,
1168,p-Nitroaniline,67,,,,,,
1169,"Phosphorus, hydrolyzable plus orthophosphate",67,,,,,,
1170,"Water level in well, MSL",66,,,,,,
1171,Tide range,65,,,,,,
1172,"RBP2, Water Quality, Water Surface Oils (choice list)",61,,,,,,
1173,p-Chloroaniline,60,,,,,,
1174,Captan,59,,,,,,
1175,"1,2-Diphenylhydrazine",57,,,,yes,,
1176,Tungsten,57,,,,,,
1177,Chlorophyll a - Periphyton (attached),54,,,,,yes,
1178,Dibromofluoromethane,54,,,,,,
1179,Total Sulfate,54,,,yes,,,
1180,Ethylene glycol,53,,,,,,
1181,Polychlorinated biphenyls,52,,yes,,yes,yes,
1182,"1,3-Propanediol",50,,,,,,
1183,Chromium(III),50,,yes,,yes,yes,
1184,gamma-HCH (Lindane),50,,yes,,yes,,
1185,Perfluorododecanoate,50,,,,,,
1186,Dalapon,49,,yes,,,,
1187,Deisopropyl prometryn,49,,,,,,
1188,"pH, lab",49,,,,,,
1189,Total fixed solids,49,,,,,,
1190,Bismuth,47,,,,,,
1191,Cumulative Precipitation Since Last Measurement,47,,,,,,
1192,"1,3,5-Trinitrobenzene",46,,yes,,,,
1193,"2-Amino-4,6-dinitrotoluene",46,,,,,,
1194,"4-Amino-2,6-dinitrotoluene",46,,,,,,
1195,Cyclonite,46,,,,,,
1196,Cyclotetramethylenetetranitramine,46,,,,,,
1197,Nitrocellulose,46,,,,,,
1198,Nitroglycerin,46,,,,,,
1199,Nitroguanidine,46,,,,,,
1200,Tetryl,46,,,,,,
1201,Trinitrotoluene,46,,,,,,
1202,Alachlor sulfinylacetic acid,45,,yes,,,,
1203,Benzoic acid,45,,,,,,
1204,Benzyl alcohol,45,,,,,,
1205,Fast Riffle,45,,,,,,
1206,Kick Time,45,,,,,,
1207,"RBP2, Substrate, inorganic, cobble, 64-256 mm",45,,,,,,
1208,"RBP2, Substrate, inorganic, gravel, 2-64 mm",45,,,,,,
1209,"RBP2, Substrate, inorganic, sand, 0.06-2.0 mm",45,,,,,,
1210,Rocky Substrate (choice list),45,,,,,,
1211,Sandy Substrate (choice list),45,,,,,,
1212,Slow Riffle,45,,,,,,
1213,"Arsenic, Inorganic",44,,yes,,yes,,
1214,Canopy Cover,44,,,,,,
1215,Dimethenamid sulfinylacetic acid,44,,,,,,
1216,Floating debris (Y/N) (choice list),44,,,,,,
1217,Flow rate,44,,,,,,
1218,O-Ethyl S-methyl S-propyl phosphorodithioate,44,,,,,,
1219,O-Ethyl S-propyl phosphorothioate,44,,,,,,
1220,"RBP2, Substrate, Inorganic, Silt, 0.004-0.06 mm",44,,,,,,
1221,"Riparian vegetation, dominant species present",44,,,,,,
1222,Temperature,44,,,,,,
1223,"Discharge, River/Stream",43,,,,,,
1224,"RBP2, Substrate, inorganic, clay, <0.004 mm",43,,,,,,
1225,Gallium,42,,,,,,
1226,"RBP2, Aquatic Vegetation, Dominant Type & Species (choice list)",42,,,,,,
1227,"RBP2, Substrate, Inorganic, boulder, >256 mm",42,,,,,,
1228,Bis(2-chloro-1-methylethyl) ether,41,,,,yes,,
1229,Gasoline range organics,41,,,,,,
1230,Horizontal Secchi Disk,41,,,,,,
1231,Kick Depth,41,,,,,,
1232,"RBP2, Substrate, inorganic, bedrock",41,,,,,,
1233,Selenate,41,,,,,,
1234,Selenite,41,,,,,,
1235,"Total Nitrogen, mixed forms (NH3), (NH4), organic, (NO2) and (NO3)",41,,,,,yes,
1236,Optical brightener relative fluorescence (fOB),39,,,,,,
1237,Acetate ion,38,,,,,,
1238,"Carbonaceous biochemical oxygen demand, non-standard conditions",38,,,,,,
1239,Formate,38,,,,,,
1240,Aniline,37,,,,,,
1241,Cresol,37,,,,,,
1242,Cylindrospermopsins,37,,,,yes,,
1243,Dissolved gases,37,,,,,yes,
1244,"Gross alpha radioactivity, (Thorium-230 ref std)",37,,,,,,
1245,"Gross beta radioactivity, (Strontium-Yttrium-90 ref std)",37,,,,,,
1246,m-Chlorotoluene,37,,,,,,
1247,Oil range organics,37,,,,,,
1248,Pyridine,37,,,,,,
1249,"RBP2, Substrate, organic, detritus, sticks, wood, etc. (CPOM)",37,,,,,,
1250,"RBP2, Substrate, organic, muck-mud, black-fine (FPOM)",37,,,,,,
1251,"RBP2, Substrate, organic, marl, grey shell fragments",36,,,,,,
1252,Bank vegetative stability (choice list),35,,,,,,
1253,"Cyanobacteria, visual observation",35,,,,,,
1254,"RBP2, Habitat type, gravel-cobble (%)",35,,,,,,
1255,"RBP2, Habitat type, riffle (%)",35,,,,,,
1256,"RBP2, Instream Features, Canopy Cover (choice list)",35,,,,,,
1257,"RBP2, Instream features, high water mark",35,,,,,,
1258,"RBP2, Watershed, Local Erosion (choice list)",35,,,,,,
1259,Particulate Inorganic Phosphorus,34,,,,,,
1260,"RBP2, Aquatic vegetation, portion of reach with AV (%)",34,,,,,,
1261,"RBP2, Habitat type, vegetated banks (%)",34,,,,,,
1262,"Temperature, water, deg F",34,,,,,,
1263,"Fuel, Diesel Range (C10-C28)",33,,,,,,
1264,2-Fluorobiphenyl,31,,,,,,
1265,"2,4,6-Tribromophenol",31,,,,,,
1266,Cerium,31,,,,,,
1267,Dysprosium,31,,,,,,
1268,Erbium,31,,,,,,
1269,Europium,31,,,,,,
1270,Gadolinium,31,,,,,,
1271,Holmium,31,,,,,,
1272,Lanthanum,31,,,,,,
1273,Lutetium,31,,,,,,
1274,Methylseleninic Acid,31,,,,,,
1275,Neodymium,31,,,,,,
1276,Nitrobenzene-D5,31,,yes,,yes,,yes
1277,o-Fluorophenol,31,,,,,,
1278,p-Terphenyl-d14,31,,,,,,
1279,Phenol-d5,31,,,,,,yes
1280,Praseodymium,31,,,,,,
1281,"RBP2, Habitat type, pools (%)",31,,,,,,
1282,"RBP2, Habitat type, snags (%)",31,,,,,,
1283,Rubidium,31,,,,,,
1284,Samarium,31,,,,,,
1285,Selenocyanate,31,,,,,,
1286,Selenomethionine,31,,,,,,
1287,Terbium,31,,,,,,
1288,Thulium,31,,,,,,
1289,Ytterbium,31,,,,,,
1290,Yttrium,31,,,,,,
1291,"RBP2, Habitat type, run (%)",30,,,,,,
1292,Total Particulate Carbon,30,,,,,,
1293,Ethane,29,,,,,,
1294,Gas Range Organics (C6-C10),29,,,,,,
1295,Phaeophyton - Periphyton (attached),29,,,,,,
1296,"RBP2, Habitat type, sand (%)",29,,,,,,
1297,Riparian Width LDB,29,,,,,,
1298,Riparian Width RDB,29,,,,,,
1299,Thiacloprid,29,,,,,,
1300,Total Particulate Phosphorus,29,,,,,,
1301,Cobalt-60,28,,,,,,
1302,Nickel-63,28,,,,,,
1303,11-chloroeicosafluoro-3-oxaundecane-1-sulfonic acid,27,,,,,,
1304,"Biomass, periphyton",27,,,,,,
1305,Hexafluoropropylene oxide dimer acid,27,,,,,,
1306,N-ethyl perfluorooctanesulfonamidoacetic acid,27,,,,,,
1307,Perfluorohexanesulfonic acid,27,,,,,,
1308,Perfluorooctanoic acid,27,,,,,,
1309,Propane,27,,,,,,
1310,Sulfur,27,,,,,,
1311,Turbidity Field,27,,,,,,
1312,Ethanol,26,,,,,,
1313,"2H,2H,3H,3H-Perfluorooctanoate",25,,,,,,
1314,"3:3 Fluorotelomer carboxylate, ion(1-)",25,,,,,,
1315,"4,4,5,5,6,6,7,7,8,8,9,9,10,10,10-Pentadecafluorodec-2-enoic acid",25,,,,,,
1316,"4,8-dioxa-3H-perfluorononanoate",25,,,,,,
1317,9-Chlorohexadecafluoro-3-oxanonane-1-sulfonic acid,25,,,,,,
1318,"Elevation, water surface, MSL",25,,,,,,
1319,FtS 4:2 ion,25,,,,,,
1320,FtS 6:2 ion,25,,,,,,
1321,FtS 8:2 ion,25,,,,,,
1322,N-Ethyl perfluorooctane sulfonamido ethanol,25,,,,,,
1323,N-Ethylperfluorooctane-1-sulfonamide,25,,,,,,
1324,N-Methyl perfluorooctane sulfonamide,25,,,,,,
1325,N-Methylperfluorooctane sulfonamido ethanol,25,,,,,,
1326,Perfluoro-3-methoxypropanoic acid,25,,,,,,
1327,"Perfluoro-3,6-dioxaheptanoic acid",25,,,,,,
1328,Perfluoro(2-ethoxyethane)sulfonic acid,25,,,,,,
1329,Perfluoro(4-methoxybutanoic) acid,25,,,,,,
1330,Perfluorobutanesulfonate,25,,,,,,
1331,Perfluorobutanoate,25,,,,,,
1332,Perfluorodecanesulfonate,25,,,,,,
1333,Perfluorododecanesulfonate,25,,,,,,
1334,Perfluoroheptanesulfonate,25,,,,,,
1335,Perfluoroheptanoate,25,,,,,,
1336,Perfluorohexanoate,25,,,,,,
1337,Perfluorononanesulfonate,25,,,,,,
1338,Perfluorononanoate,25,,,,,,
1339,Perfluorooctanesulfonate,25,,,,,,
1340,Perfluoropentanesulfonate,25,,,,,,
1341,Perfluoropentanoate,25,,,,,,
1342,Perfluorotetradecanoate,25,,,,,,
1343,Perfluorotridecanoate,25,,,,,,
1344,Perfluoroundecanoate,25,,,,,,
1345,Algal growth potential,24,,,,,,
1346,"Biomass, plankton",24,,,,,,
1347,Inorganic nitrogen,24,,,,,,
1348,"1,2-Dichloroethylene",23,,,,,,
1349,"1,3-Dichloropropene",23,,,,yes,,
1350,Benzaldehyde,23,,,,,,
1351,Biphenyl,23,,,,,,
1352,Caprolactam,23,,,,,,
1353,Carboxin,23,,,,,,
1354,m-cresol mixt. with p-phenol,23,,,,,,
1355,Aroclor 1262,22,,,,,,
1356,GFD DNA marker,22,,,,,,
1357,3-Methylnonane,21,,,,,,
1358,Aroclor 1268,21,,,,,,
1359,Chloromethyl methyl ether,21,,,,,,
1360,Dichloropropane,21,,,,,,
1361,Pentachloronitrobenzene,21,,yes,,,,
1362,"DDD, o,p'- and p,p'- isomers",20,,,,yes,,
1363,"DDT, o,p'- and p,p'- isomers",20,,,,yes,,
1364,Endosulfan,20,,,,,,
1365,Coumaphos,19,,,,,,
1366,"2,2,4,5,6,7,8,8-Octachloro-2,3,3a,4,7,7a-hexahydro-4,7-methano-1H-indene",18,,,,,,
1367,"Aluminum, Organic + Inorganic Monomeric (reactive aluminum)",18,,,yes,,,
1368,Flufenacet,18,,,,,,
1369,Total Nitrogen/Total Phosphorus Ratio (TN:TP),18,,,,,,
1370,Boscalid,17,,,,,,
1371,Chlorantraniliprole,17,,,,,,
1372,Cyantraniliprole,17,,,,,,
1373,Cyazofamid,17,,,,,,
1374,Cymoxanil,17,,,,,,
1375,Cyproconazole,17,,,,,,
1376,Cyprodinil,17,,,,,,
1377,Density of water at 20 deg C,17,,,,,,
1378,Desthio-prothioconazole,17,,,,,,
1379,Dimethomorph,17,,,,,,
1380,Ethaboxam,17,,,,,,
1381,Famoxadone,17,,,,,,
1382,Fenamidone,17,,,,,,
1383,Fenhexamid,17,,,,,,
1384,Fenpyroximate,17,,,,,,
1385,Flonicamid,17,,,,,,
1386,Fluazinam,17,,,,,,
1387,Flumetralin,17,,,,,,
1388,Fluopicolide,17,,,,,,
1389,Fluopyram,17,,,,,,
1390,Fluoxastrobin,17,,,,,,
1391,Flupyradifurone,17,,,,,,
1392,Flutriafol,17,,,,,,
1393,Imidacloprid-urea,17,,,,,,
1394,Indaziflam,17,,,,,,
1395,Ipconazole,17,,,,,,
1396,Isofetamid,17,,,,,,
1397,Mandipropamid,17,,,,,,
1398,Oxathiapiprolin,17,,,,,,
1399,Paclobutrazol,17,,,,,,
1400,Penoxsulam,17,,,,,,
1401,Penthiopyrad,17,,,,,,
1402,Picoxystrobin,17,,,,,,
1403,Pyrimethanil,17,,,,,,
1404,Quinoxyfen,17,,,,,,
1405,"RBP2, Instream Features, Channelized (Y/N) (choice list)",17,,,,,,
1406,Sedaxane,17,,,,,,
1407,Specific gravity,17,,,,,,
1408,Sulfoxaflor,17,,,,,,
1409,Thiamethoxam degradate CGA-355190,17,,,,,,
1410,Triadimenol,17,,,,,,
1411,Triflumizole,17,,,,,,
1412,Triticonazole,17,,,,,,
1413,Zoxamide,17,,,,,,
1414,Nodularin,16,,,,,,
1415,Partial pressure of dissolved gases,16,,,,,,
1416,"Biomass, benthic",15,,,,,,
1417,Chlordecone,15,,,,,,
1418,Scandium,15,,,,,,
1419,Trichlorotrifluoroethane,15,,,,,,
1420,Motor oil,14,,,,,,
1421,Aggressive index,13,,,,,,
1422,"Corrosion & scaling control, Langelier Saturation Index",13,,,yes,,,
1423,Saxitoxins,13,,,,,,
1424,Allethrin,12,,,,,,
1425,"Biomass, phytoplankton",12,,,,,,
1426,Domoic acid,12,,,,,,
1427,Microcystin HtYR,12,,,,yes,,
1428,Microcystins and nodularins,12,,,,yes,,
1429,"o,p'-DDD",12,,,,,,
1430,"o,p'-DDE",12,,,,,,
1431,"o,p'-DDT",12,,,,,,
1432,Okadaic acid,12,,,,,,
1433,1-Methylphenanthrene,11,,,,,,
1434,1-Methylpyrene,11,,,,,,
1435,"1,2,4,5-Tetrachlorobenzene",11,,yes,,yes,,
1436,"2,3,4,6-Tetrachlorophenol",11,,,,,,yes
1437,"2,3,5,6-Tetrachlorophenol",11,,,,,,yes
1438,"2,6-Dichlorophenol",11,,,,,,yes
1439,"Chlordane, technical",11,,yes,,yes,yes,
1440,"Indeno (1,2,3-cd) perylene",11,,,,,,
1441,m and p-Cresol,11,,,,,,
1442,N-Nitrosopyrrolidine,11,,,,yes,,
1443,Pentachlorobenzene,11,,yes,,yes,,
1444,"RBP2, Stream Character, Stream Origin (choice list)",11,,,,,,
1445,"RBP2, Stream Character, Stream Subsystem (choice list)",11,,,,,,
1446,"RBP2, Stream Character, Stream Type (choice list)",11,,,,,,
1447,Acibenzolar-S-methyl,10,,,,,,
1448,"BHC, .beta.-BHC & .gamma.-BHC mix, unspecified",10,,,,,,
1449,Chlorfenapyr,10,,,,,,
1450,Cyanobacteria,10,,,,,,
1451,Cyhalofop butyl,10,,,,,,
1452,Cyhalothrins,10,,,,,,
1453,"DDE, o,o'-, o,p'-, and p,p'- isomers",10,,,,,,
1454,"DDE, o,p'- and p,p'- isomers",10,,,,yes,,
1455,Etofenprox,10,,,,,,
1456,Hexachlorobenzine,10,,,,,,
1457,Methoprene,10,,,,,,
1458,Pentachloroanisole,10,,,,,,
1459,Periphyton,10,,,,,,
1460,Phycocyanin (probe),10,,,,,,
1461,Resmethrin,10,,,,,,
1462,Americium-241,9,,,,,,
1463,Chlorophyll a - Phytoplankton (suspended),9,,,,,yes,
1464,Microcystin HilR,9,,,,yes,,
1465,Oil and Grease surface slick/sheen (Y/N) (choice list),9,,,,,,
1466,Plutonium-238,9,,,,,,
1467,Plutonium-239 and Plutonium-240 combined,9,,,,,,
1468,"trans-1,2-Dichloroethene***retired***use trans-1,2-Dichloroethylene",9,,,,,,
1469,Zirconium,9,,,,,,
1470,4-Chloroaniline-d4,8,,,,,,
1471,"Benzene, 4-chloro-1-methyl-2-nitro-",8,,yes,,,,
1472,Bis(2-chloroethyl)ether-d8,8,,,,,,
1473,Desisopropyl atrazine***retired***use 2-Choro-6-ethylamino-4-amino-s-triazine,8,,yes,,,,
1474,Dry period preceding precipitation,8,,,,,,
1475,Kerosene,8,,,,,,
1476,m-Cresol compd. with p-cresol (2:1),8,,,,,,
1477,Perfluoro(4-isopropyltoluene),8,,,,,,
1478,Riparian vegetation density (choice list),8,,,,,,
1479,Tellurium,8,,,,,,
1480,Tetrachloroethene***retired***use Tetrachloroethylene,8,,,,yes,,
1481,Thorium-232,8,,,,,,
1482,Trichloropropane,8,,,,,,
1483,4-Bromophenyl phenyl ether***retired***use BDE-003,7,,,,,,
1484,"4,6-Dinitro-2-methylphenol-d2",7,,,,,,
1485,5-Hydroxyimidacloprid,7,,,,,,
1486,"Algae, blue-green (phylum cyanophyta) percent",7,,,,,,
1487,"Benzamide, 3-(benzoylmethylamino)-N-[2-bromo-4-[1,2,2,2-tetrafluoro-1-(trifluoromethyl)ethyl]-6-(trifluoromethyl)phenyl]-2-fluoro",7,,,,,,
1488,Benzobicyclon,7,,,,,,
1489,Boscalid metabolite M510F01,7,,,,,,
1490,Bromoconazole,7,,,,,,
1491,C1-Benzo[a]anthracenes/chrysenes,7,,,,,,
1492,Cryptosporidium,7,,yes,,,,
1493,Cyclaniliprole,7,,,,,,
1494,Ethylene,7,,,,,,
1495,Florpyrauxifen-benzyl,7,,,,,,
1496,Fluindapyr,7,,,,,,
1497,Fomesafen,7,,,,,,
1498,Giardia,7,,yes,,,,
1499,Halauxifen-methyl,7,,,,,,
1500,Imidacloprid-olefin,7,,,,,,
1501,Imidacloprid desnitro,7,,,,,,
1502,N-(2-chloro-5-thiazolyl methyl)-N'-nitroguanidine,7,,,,,,
1503,Picarbutrazox,7,,,,,,
1504,Pydiflumetofen,7,,,,,,
1505,Storm water flow,7,,,,,,
1506,Tebuconazole tert-Butylhydroxy,7,,,,,,
1507,Valifenalate,7,,,,,,
1508,Acid Neutralization Potential as CaCO3,6,,,,,,
1509,Dissolved microcystins plus nodularins,6,,,,yes,,
1510,Fixed dissolved solids,6,,,,,,
1511,"Organic halides, total -- SWDA NPDWR",6,,,,,,
1512,p-Octylphenol,6,,,,,,
1513,"Strontium-87/Strontium-86, ratio",6,,,,,,
1514,2-Methylbutane,5,,,,,,
1515,Adjusted gross alpha activity,5,,,,,,
1516,Carbon monoxide,5,,,,,,
1517,Height,5,,,,,,
1518,HF183 DNA marker (purified),5,,,,,,
1519,Homoanatoxin,5,,,,,,
1520,Hydrogen,5,,,,,,
1521,Isobutane,5,,,,,,
1522,Microcystin dLR,5,,,,yes,,
1523,Microcystin dRR,5,,,,yes,,
1524,Radium-226/228,5,,yes,,,,
1525,Cesium,4,,,,,,
1526,Diesel fuel,4,,,,,,
1527,"Fuel, Gasoline Range (C6-C10)",4,,,,,,
1528,Germanium,4,,,,,,
1529,Gold,4,,,,,,
1530,Hafnium,4,,,,,,
1531,Indium,4,,,,,,
1532,Jet Fuel A,4,,,,,,
1533,Microcystin HtyR,4,,,,yes,,
1534,Microcystin LR [D-Leu1],4,,,,yes,,
1535,Microcystin LR [DAsp3],4,,,,yes,,
1536,Microcystin LR [Dha7],4,,,,yes,,
1537,Microcystin RR [DAsp3],4,,,,yes,,
1538,Mineral Spirit Range Organics,4,,,,,,
1539,N-Nitrosodi-n-butylamine,4,,,,yes,,
1540,Niobium,4,,,,,,
1541,Petroleum,4,,,,,,
1542,Rhenium,4,,,,,,
1543,Tantalum,4,,,,,,
1544,Aroclor (unspecified),3,,,,,,
1545,Chlorophyll/Pheophytin ratio,3,,,,,,
1546,"Cladophora, visual observation",3,,,,,,
1547,Cyanides amenable to chlorination (HCN & CN),3,,yes,,yes,,
1548,DG3 DNA marker (purified),3,,,,,,
1549,"Inorganic nitrogen (NO2, NO3, & NH3)",3,,,,,,
1550,Particle size,3,,,,,,
1551,"RBP2, Habitat type, submerged macrophytes (%)",3,,,,,,
1552,Stream depth (choice list),3,,,,,,
1553,"1,2-Dichlorobenzene-d4",2,,yes,,yes,,
1554,"2,3,7,8,-Tetrachlorodibenzo-p-dioxin",2,,yes,,yes,,
1555,"4,8-Dioxa-3H-perfluorononanoic acid",2,,,,,,
1556,9-chlorohexadecafluoro-3-oxanone-1-sulfonic acid,2,,,,,,
1557,BacR DNA marker (purified),2,,,,,,
1558,Demeton-O,2,,,,,,
1559,Diquat,2,,yes,,,,
1560,Fensulfothion,2,,,,,,
1561,Fenthion,2,,,,,,
1562,Floating foam/suds - severity (choice list),2,,,,,,
1563,Floating Garbage Severity (choice list),2,,,,,,
1564,Fluorotelomer sulfonate 4:2,2,,,,,,
1565,Fluorotelomer sulfonate 8:2,2,,,,,,
1566,Merphos,2,,,,,,
1567,Odor severity (choice list),2,,,,,,
1568,"Oil and Grease, surface slick/sheen - severity (choice list)",2,,,,,,
1569,Perfluorodecanoic acid,2,,,,,,
1570,Perfluorooctanesulfonic acid***retired***use Perfluorooctane sulfonic acid,2,,,,,,
1571,Phycoerythrin,2,,,,,,
1572,Phycoerythrin fluorescence (fPE),2,,,,,,
1573,Prothiofos,2,,,,,,
1574,Ronnel,2,,,,,,
1575,Sulprofos,2,,,,,,
1576,Trichloronate,2,,,,,,
1577,2-[(2-Ethyl-6-methylphenyl)amino]-2-oxoethanesulfonic acid,1,,,,,,
1578,"2-[2-[4-(1,1,3,3-Tetramethylbutyl)phenoxy]ethoxy]ethanol",1,,,,,,
1579,Cymene,1,,,,,,
1580,Dechloroacetochlor,1,,,,,,
1581,Dechloroalachlor,1,,yes,,,,
1582,Dechlorodimethenamid,1,,,,,,
1583,Flufenacet ESA,1,,,,,,
1584,Flufenacet OA,1,,,,,,
1585,Hydroxydimethenamid,1,,,,,,
1586,Propachlor ESA,1,,,,,,
1587,Propachlor OA,1,,,,,,
1588,Saflufenacil,1,,,,,,
1589,sec-Alachlor sulfonic acid,1,,yes,,,,
1590,"Surfactants, anionic",1,,,,,,
1591,Tembotrione,1,,,,,,
1592,Total Particulate Nitrogen,1,,,,,,
1593,Tox,1,,,,,,
